cve_municipio,cve_region,nombre_municipio
001,6,ABEJONES
002,5,ACATLÁN DE PÉREZ FIGUEROA
003,6,ASUNCIÓN CACALOTEPEC
004,4,ASUNCIÓN CUYOTEPEJI
005,3,ASUNCIÓN IXTALTEPEC
006,4,ASUNCIÓN NOCHIXTLÁN
007,8,ASUNCIÓN OCOTLÁN
008,7,ASUNCIÓN TLACOLULITA
009,5,AYOTZINTEPEC
010,3,EL BARRIO DE LA SOLEDAD
011,4,CALIHUALÁ
012,2,CANDELARIA LOXICHA
013,8,CIÉNEGA DE ZIMATLÁN
014,3,CIUDAD IXTEPEC
015,8,COATECAS ALTAS
016,4,COICOYÁN DE LAS FLORES
017,8,LA COMPAÑÍA
018,4,CONCEPCIÓN BUENAVISTA
019,1,CONCEPCIÓN PÁPALO
020,7,CONSTANCIA DEL ROSARIO
021,5,COSOLAPA
022,4,COSOLTEPEC
023,8,CUILÁPAM DE GUERRERO
024,1,CUYAMECALCO VILLA DE ZARAGOZA
025,3,CHAHUITES
026,4,CHALCATONGO DE HIDALGO
027,1,CHIQUIHUITLÁN DE BENITO JUÁREZ
028,8,HEROICA CIUDAD DE EJUTLA DE CRESPO
029,1,ELOXOCHITLÁN DE FLORES MAGÓN
030,3,EL ESPINAL
031,6,TAMAZULÁPAM DEL ESPÍRITU SANTO
032,4,FRESNILLO DE TRUJANO
033,8,GUADALUPE ETLA
034,4,GUADALUPE DE RAMÍREZ
035,6,GUELATAO DE JUÁREZ
036,3,GUEVEA DE HUMBOLDT
037,7,MESONES HIDALGO
038,7,VILLA HIDALGO
039,4,HEROICA CIUDAD DE HUAJUAPAN DE LEÓN
040,1,HUAUTEPEC
041,1,HUAUTLA DE JIMÉNEZ
042,6,IXTLÁN DE JUÁREZ
043,3,HEROICA CIUDAD DE JUCHITÁN DE ZARAGOZA
044,5,LOMA BONITA
045,8,MAGDALENA APASCO
046,4,MAGDALENA JALTEPEC
047,4,SANTA MAGDALENA JICOTLÁN
048,8,MAGDALENA MIXTEPEC
049,8,MAGDALENA OCOTLÁN
050,4,MAGDALENA PEÑASCO
051,8,MAGDALENA TEITIPAC
052,3,MAGDALENA TEQUISISTLÁN
053,3,MAGDALENA TLACOTEPEC
054,4,MAGDALENA ZAHUATLÁN
055,4,MARISCALA DE JUÁREZ
056,2,MÁRTIRES DE TACUBAYA
057,3,MATÍAS ROMERO AVENDAÑO
058,1,MAZATLÁN VILLA DE FLORES
059,7,MIAHUATLÁN DE PORfIRIO DÍAZ
060,6,MIXISTLÁN DE LA REfORMA
061,7,MONJAS
062,6,NATIVIDAD
063,8,NAZARENO ETLA
064,7,NEJAPA DE MADERO
065,4,IXPANTEPEC NIEVES
066,3,SANTIAGO NILTEPEC
067,8,OAXACA DE JUÁREZ
068,8,OCOTLÁN DE MORELOS
069,8,LA PE
070,2,PINOTEPA DE DON LUIS
071,2,PLUMA HIDALGO
072,8,SAN JOSÉ DEL PROGRESO
073,7,PUTLA VILLA DE GUERRERO
074,7,SANTA CATARINA QUIOQUITANI
075,3,REfORMA DE PINEDA
076,7,LA REfORMA
077,8,REYES ETLA
078,8,ROJAS DE CUAUHTÉMOC
079,3,SALINA CRUZ
080,8,SAN AGUSTÍN AMATENGO
081,4,SAN AGUSTÍN ATENANGO
082,2,SAN AGUSTÍN CHAYUCO
083,8,SAN AGUSTÍN DE LAS JUNTAS
084,8,SAN AGUSTÍN ETLA
085,2,SAN AGUSTÍN LOXICHA
086,4,SAN AGUSTÍN TLACOTEPEC
087,8,SAN AGUSTÍN YATARENI
088,7,SAN ANDRÉS CABECERA NUEVA
089,4,SAN ANDRÉS DINICUITI
090,2,SAN ANDRÉS HUAXPALTEPEC
091,8,SAN ANDRÉS HUAYÁPAM
092,8,SAN ANDRÉS IXTLAHUACA
093,4,SAN ANDRÉS LAGUNAS
094,4,SAN ANDRÉS NUXIÑO
095,7,SAN ANDRÉS PAXTLÁN
096,4,SAN ANDRÉS SINAXTLA
097,7,SAN ANDRÉS SOLAGA
098,1,SAN ANDRÉS TEOTILÁLPAM
099,4,SAN ANDRÉS TEPETLAPA
100,7,SAN ANDRÉS YAÁ
101,8,SAN ANDRÉS ZABACHE
102,8,SAN ANDRÉS ZAUTLA
103,8,SAN ANTONINO CASTILLO VELASCO
104,8,SAN ANTONINO EL ALTO
105,4,SAN ANTONINO MONTE VERDE
106,4,SAN ANTONIO ACUTLA
107,8,SAN ANTONIO DE LA CAL
108,8,SAN ANTONIO HUITEPEC
109,1,SAN ANTONIO NANAHUATÍPAM
110,4,SAN ANTONIO SINICAHUA
111,2,SAN ANTONIO TEPETLAPA
112,8,SAN BALTAZAR CHICHICÁPAM
113,2,SAN BALTAZAR LOXICHA
114,7,SAN BALTAZAR YATZACHI EL BAJO
115,8,SAN BARTOLO COYOTEPEC
116,1,SAN BARTOLOMÉ AYAUTLA
117,2,SAN BARTOLOMÉ LOXICHA
118,8,SAN BARTOLOMÉ QUIALANA
119,4,SAN BARTOLOMÉ YUCUAÑE
120,7,SAN BARTOLOMÉ ZOOGOCHO
121,4,SAN BARTOLO SOYALTEPEC
122,7,SAN BARTOLO YAUTEPEC
123,8,SAN BERNARDO MIXTEPEC
124,3,SAN BLAS ATEMPA
125,7,SAN CARLOS YAUTEPEC
126,7,SAN CRISTÓBAL AMATLÁN
127,4,SAN CRISTÓBAL AMOLTEPEC
128,7,SAN CRISTÓBAL LACHIRIOAG
129,4,SAN CRISTÓBAL SUCHIXTLAHUACA
130,3,SAN DIONISIO DEL MAR
131,8,SAN DIONISIO OCOTEPEC
132,8,SAN DIONISIO OCOTLÁN
133,4,SAN ESTEBAN ATATLAHUCA
134,5,SAN FELIPE JALAPA DE DÍAZ
135,8,SAN FELIPE TEJALÁPAM
136,5,SAN FELIPE USILA
137,7,SAN FRANCISCO CAHUACUÁ
138,7,SAN FRANCISCO CAJONOS
139,1,SAN FRANCISCO CHAPULAPA
140,4,SAN FRANCISCO CHINDÚA
141,3,SAN FRANCISCO DEL MAR
142,1,SAN FRANCISCO HUEHUETLÁN
143,3,SAN FRANCISCO IXHUATÁN
144,4,SAN FRANCISCO JALTEPETONGO
145,8,SAN FRANCISCO LACHIGOLÓ
146,7,SAN FRANCISCO LOGUECHE
147,4,SAN FRANCISCO NUXAÑO
148,7,SAN FRANCISCO OZOLOTEPEC
149,7,SAN FRANCISCO SOLA
150,8,SAN FRANCISCO TELIXTLAHUACA
151,4,SAN FRANCISCO TEOPAN
152,4,SAN FRANCISCO TLAPANCINGO
153,2,SAN GABRIEL MIXTEPEC
154,7,SAN ILDEfONSO AMATLÁN
155,7,SAN ILDEfONSO SOLA
156,7,SAN ILDEfONSO VILLA ALTA
157,8,SAN JACINTO AMILPAS
158,7,SAN JACINTO TLACOTEPEC
159,7,SAN JERÓNIMO COATLÁN
160,4,SAN JERÓNIMO SILACAYOAPILLA
161,8,SAN JERÓNIMO SOSOLA
162,8,SAN JERÓNIMO TAVICHE
163,1,SAN JERÓNIMO TECÓATL
164,4,SAN JORGE NUCHITA
165,4,SAN JOSÉ AYUQUILA
166,5,SAN JOSÉ CHILTEPEC
167,7,SAN JOSÉ DEL PEÑASCO
168,2,SAN JOSÉ ESTANCIA GRANDE
169,5,SAN JOSÉ INDEPENDENCIA
170,7,SAN JOSÉ LACHIGUIRI
171,1,SAN JOSÉ TENANGO
172,4,SAN JUAN ACHIUTLA
173,6,SAN JUAN ATEPEC
174,8,ÁNIMAS TRUJANO
175,8,SAN JUAN BAUTISTA ATATLAHUCA
176,4,SAN JUAN BAUTISTA COIXTLAHUACA
177,1,SAN JUAN BAUTISTA CUICATLÁN
178,8,SAN JUAN BAUTISTA GUELACHE
179,8,SAN JUAN BAUTISTA JAYACATLÁN
180,2,SAN JUAN BAUTISTA LO DE SOTO
181,4,SAN JUAN BAUTISTA SUCHITEPEC
182,1,SAN JUAN BAUTISTA TLACOATZINTEPEC
183,4,SAN JUAN BAUTISTA TLACHICHILCO
184,5,SAN JUAN BAUTISTA TUXTEPEC
185,2,SAN JUAN CACAHUATEPEC
186,4,SAN JUAN CIENEGUILLA
187,1,SAN JUAN COATZÓSPAM
188,2,SAN JUAN COLORADO
189,5,SAN JUAN COMALTEPEC
190,6,SAN JUAN COTZOCÓN
191,6,SAN JUAN CHICOMEZÚCHIL
192,8,SAN JUAN CHILATECA
193,8,SAN JUAN DEL ESTADO
194,8,SAN JUAN DEL RÍO
195,4,SAN JUAN DIUXI
196,6,SAN JUAN EVANGELISTA ANALCO
197,8,SAN JUAN GUELAVÍA
198,3,SAN JUAN GUICHICOVI
199,4,SAN JUAN IHUALTEPEC
200,7,SAN JUAN JUQUILA MIXES
201,7,SAN JUAN JUQUILA VIJANOS
202,2,SAN JUAN LACHAO
203,8,SAN JUAN LACHIGALLA
204,7,SAN JUAN LAJARCIA
205,5,SAN JUAN LALANA
206,1,SAN JUAN DE LOS CUÉS
207,6,SAN JUAN MAZATLÁN
208,4,SAN JUAN MIXTEPEC
209,7,SAN JUAN MIXTEPEC
210,4,SAN JUAN ÑUMÍ
211,7,SAN JUAN OZOLOTEPEC
212,5,SAN JUAN PETLAPA
213,2,SAN JUAN QUIAHIJE
214,6,SAN JUAN QUIOTEPEC
215,4,SAN JUAN SAYULTEPEC
216,7,SAN JUAN TABAÁ
217,4,SAN JUAN TAMAZOLA
218,4,SAN JUAN TEITA
219,8,SAN JUAN TEITIPAC
220,1,SAN JUAN TEPEUXILA
221,4,SAN JUAN TEPOSCOLULA
222,7,SAN JUAN YAEÉ
223,7,SAN JUAN YATZONA
224,4,SAN JUAN YUCUITA
225,2,SAN LORENZO
226,8,SAN LORENZO ALBARRADAS
227,8,SAN LORENZO CACAOTEPEC
228,1,SAN LORENZO CUAUNECUILTITLA
229,7,SAN LORENZO TEXMELÚCAN
230,4,SAN LORENZO VICTORIA
231,6,SAN LUCAS CAMOTLÁN
232,5,SAN LUCAS OJITLÁN
233,8,SAN LUCAS QUIAVINÍ
234,1,SAN LUCAS ZOQUIÁPAM
235,7,SAN LUIS AMATLÁN
236,7,SAN MARCIAL OZOLOTEPEC
237,4,SAN MARCOS ARTEAGA
238,8,SAN MARTÍN DE LOS CANSECOS
239,4,SAN MARTÍN HUAMELÚLPAM
240,4,SAN MARTÍN ITUNYOSO
241,8,SAN MARTÍN LACHILÁ
242,4,SAN MARTÍN PERAS
243,8,SAN MARTÍN TILCAJETE
244,1,SAN MARTÍN TOXPALAN
245,4,SAN MARTÍN ZACATEPEC
246,7,SAN MATEO CAJONOS
247,6,CAPULÁLPAM DE MÉNDEZ
248,3,SAN MATEO DEL MAR
249,1,SAN MATEO YOLOXOCHITLÁN
250,4,SAN MATEO ETLATONGO
251,4,SAN MATEO NEJÁPAM
252,4,SAN MATEO PEÑASCO
253,2,SAN MATEO PIÑAS
254,7,SAN MATEO RÍO HONDO
255,4,SAN MATEO SINDIHUI
256,4,SAN MATEO TLAPILTEPEC
257,7,SAN MELCHOR BETAZA
258,4,SAN MIGUEL ACHIUTLA
259,4,SAN MIGUEL AHUEHUETITLÁN
260,6,SAN MIGUEL ALOÁPAM
261,4,SAN MIGUEL AMATITLÁN
262,6,SAN MIGUEL AMATLÁN
263,7,SAN MIGUEL COATLÁN
264,4,SAN MIGUEL CHICAHUA
265,3,SAN MIGUEL CHIMALAPA
266,2,SAN MIGUEL DEL PUERTO
267,6,SAN MIGUEL DEL RÍO
268,8,SAN MIGUEL EJUTLA
269,4,SAN MIGUEL EL GRANDE
270,4,SAN MIGUEL HUAUTLA
271,8,SAN MIGUEL MIXTEPEC
272,2,SAN MIGUEL PANIXTLAHUACA
273,8,SAN MIGUEL PERAS
274,4,SAN MIGUEL PIEDRAS
275,6,SAN MIGUEL QUETZALTEPEC
276,1,SAN MIGUEL SANTA FLOR
277,7,VILLA SOLA DE VEGA
278,5,SAN MIGUEL SOYALTEPEC
279,7,SAN MIGUEL SUCHIXTEPEC
280,7,VILLA TALEA DE CASTRO
281,4,SAN MIGUEL TECOMATLÁN
282,3,SAN MIGUEL TENANGO
283,4,SAN MIGUEL TEQUIXTEPEC
284,8,SAN MIGUEL TILQUIÁPAM
285,2,SAN MIGUEL TLACAMAMA
286,4,SAN MIGUEL TLACOTEPEC
287,4,SAN MIGUEL TULANCINGO
288,6,SAN MIGUEL YOTAO
289,7,SAN NICOLÁS
290,4,SAN NICOLÁS HIDALGO
291,7,SAN PABLO COATLÁN
292,8,SAN PABLO CUATRO VENADOS
293,8,SAN PABLO ETLA
294,8,SAN PABLO HUITZO
295,8,SAN PABLO HUIXTEPEC
296,6,SAN PABLO MACUILTIANGUIS
297,4,SAN PABLO TIJALTEPEC
298,8,SAN PABLO VILLA DE MITLA
299,7,SAN PABLO YAGANIZA
300,7,SAN PEDRO AMUZGOS
301,8,SAN PEDRO APÓSTOL
302,2,SAN PEDRO ATOYAC
303,7,SAN PEDRO CAJONOS
304,4,SAN PEDRO COXCALTEPEC CÁNTAROS
305,3,SAN PEDRO COMITANCILLO
306,2,SAN PEDRO EL ALTO
307,3,SAN PEDRO HUAMELULA
308,3,SAN PEDRO HUILOTEPEC
309,5,SAN PEDRO IXCATLÁN
310,8,SAN PEDRO IXTLAHUACA
311,1,SAN PEDRO JALTEPETONGO
312,2,SAN PEDRO JICAYÁN
313,1,SAN PEDRO JOCOTIPAC
314,2,SAN PEDRO JUCHATENGO
315,8,SAN PEDRO MÁRTIR
316,7,SAN PEDRO MÁRTIR QUIECHAPA
317,4,SAN PEDRO MÁRTIR YUCUXACO
318,2,SAN PEDRO MIXTEPEC
319,7,SAN PEDRO MIXTEPEC
320,4,SAN PEDRO MOLINOS
321,4,SAN PEDRO NOPALA
322,1,SAN PEDRO OCOPETATILLO
323,6,SAN PEDRO OCOTEPEC
324,2,SAN PEDRO POCHUTLA
325,8,SAN PEDRO QUIATONI
326,1,SAN PEDRO SOCHIÁPAM
327,3,SAN PEDRO TAPANATEPEC
328,8,SAN PEDRO TAVICHE
329,4,SAN PEDRO TEOZACOALCO
330,1,SAN PEDRO TEUTILA
331,4,SAN PEDRO TIDAÁ
332,4,SAN PEDRO TOPILTEPEC
333,8,SAN PEDRO TOTOLÁPAM
334,2,VILLA DE TUTUTEPEC DE MELCHOR OCAMPO
335,6,SAN PEDRO YANERI
336,6,SAN PEDRO YÓLOX
337,6,SAN PEDRO Y SAN PABLO AYUTLA
338,8,VILLA DE ETLA
339,4,SAN PEDRO Y SAN PABLO TEPOSCOLULA
340,4,SAN PEDRO Y SAN PABLO TEQUIXTEPEC
341,4,SAN PEDRO YUCUNAMA
342,8,SAN RAYMUNDO JALPAN
343,8,SAN SEBASTIÁN ABASOLO
344,7,SAN SEBASTIÁN COATLÁN
345,2,SAN SEBASTIÁN IXCAPA
346,4,SAN SEBASTIÁN NICANANDUTA
347,7,SAN SEBASTIÁN RÍO HONDO
348,4,SAN SEBASTIÁN TECOMAXTLAHUACA
349,8,SAN SEBASTIÁN TEITIPAC
350,8,SAN SEBASTIÁN TUTLA
351,7,SAN SIMÓN ALMOLONGAS
352,4,SAN SIMÓN ZAHUATLÁN
353,7,SANTA ANA
354,1,SANTA ANA ATEIXTLAHUACA
355,1,SANTA ANA CUAUHTÉMOC
356,8,SANTA ANA DEL VALLE
357,7,SANTA ANA TAVELA
358,8,SANTA ANA TLAPACOYAN
359,6,SANTA ANA YARENI
360,8,SANTA ANA ZEGACHE
361,7,SANTA CATALINA QUIERÍ
362,7,SANTA CATARINA CUIXTLA
363,6,SANTA CATARINA IXTEPEJI
364,2,SANTA CATARINA JUQUILA
365,6,SANTA CATARINA LACHATAO
366,2,SANTA CATARINA LOXICHA
367,2,SANTA CATARINA MECHOACÁN
368,8,SANTA CATARINA MINAS
369,8,SANTA CATARINA QUIANÉ
370,4,SANTA CATARINA TAYATA
371,4,SANTA CATARINA TICUÁ
372,4,SANTA CATARINA YOSONOTÚ
373,4,SANTA CATARINA ZAPOQUILA
374,1,SANTA CRUZ ACATEPEC
375,8,SANTA CRUZ AMILPAS
376,4,SANTA CRUZ DE BRAVO
377,7,SANTA CRUZ ITUNDUJIA
378,8,SANTA CRUZ MIXTEPEC
379,4,SANTA CRUZ NUNDACO
380,8,SANTA CRUZ PAPALUTLA
381,4,SANTA CRUZ TACACHE DE MINA
382,4,SANTA CRUZ TACAHUA
383,4,SANTA CRUZ TAYATA
384,7,SANTA CRUZ XITLA
385,8,SANTA CRUZ XOXOCOTLÁN
386,7,SANTA CRUZ ZENZONTEPEC
387,8,SANTA GERTRUDIS
388,8,SANTA INÉS DEL MONTE
389,8,SANTA INÉS YATZECHE
390,8,SANTA LUCÍA DEL CAMINO
391,7,SANTA LUCÍA MIAHUATLÁN
392,7,SANTA LUCÍA MONTEVERDE
393,8,SANTA LUCÍA OCOTLÁN
394,6,SANTA MARÍA ALOTEPEC
395,4,SANTA MARÍA APAZCO
396,1,SANTA MARÍA LA ASUNCIÓN
397,4,HEROICA CIUDAD DE TLAXIACO
398,8,AYOQUEZCO DE ALDAMA
399,8,SANTA MARÍA ATZOMPA
400,4,SANTA MARÍA CAMOTLÁN
401,2,SANTA MARÍA COLOTEPEC
402,2,SANTA MARÍA CORTIJO
403,8,SANTA MARÍA COYOTEPEC
404,4,SANTA MARÍA CHACHOÁPAM
405,4,VILLA DE CHILAPA DE DÍAZ
406,1,SANTA MARÍA CHILCHOTLA
407,3,SANTA MARÍA CHIMALAPA
408,4,SANTA MARÍA DEL ROSARIO
409,8,SANTA MARÍA DEL TULE
410,7,SANTA MARÍA ECATEPEC
411,8,SANTA MARÍA GUELACÉ
412,3,SANTA MARÍA GUIENAGATI
413,2,SANTA MARÍA HUATULCO
414,2,SANTA MARÍA HUAZOLOTITLÁN
415,7,SANTA MARÍA IPALAPA
416,1,SANTA MARÍA IXCATLÁN
417,5,SANTA MARÍA JACATEPEC
418,3,SANTA MARÍA JALAPA DEL MARQUÉS
419,6,SANTA MARÍA JALTIANGUIS
420,7,SANTA MARÍA LACHIXÍO
421,3,SANTA MARÍA MIXTEQUILLA
422,4,SANTA MARÍA NATIVITAS
423,4,SANTA MARÍA NDUAYACO
424,7,SANTA MARÍA OZOLOTEPEC
425,1,SANTA MARÍA PÁPALO
426,8,SANTA MARÍA PEÑOLES
427,3,SANTA MARÍA PETAPA
428,7,SANTA MARÍA QUIEGOLANI
429,7,SANTA MARÍA SOLA
430,4,SANTA MARÍA TATALTEPEC
431,1,SANTA MARÍA TECOMAVACA
432,7,SANTA MARÍA TEMAXCALAPA
433,2,SANTA MARÍA TEMAXCALTEPEC
434,1,SANTA MARÍA TEOPOXCO
435,6,SANTA MARÍA TEPANTLALI
436,1,SANTA MARÍA TEXCATITLÁN
437,6,SANTA MARÍA TLAHUITOLTEPEC
438,1,SANTA MARÍA TLALIXTAC
439,2,SANTA MARÍA TONAMECA
440,3,SANTA MARÍA TOTOLAPILLA
441,3,SANTA MARÍA XADANI
442,7,SANTA MARÍA YALINA
443,6,SANTA MARÍA YAVESÍA
444,4,SANTA MARÍA YOLOTEPEC
445,4,SANTA MARÍA YOSOYÚA
446,4,SANTA MARÍA YUCUHITI
447,7,SANTA MARÍA ZACATEPEC
448,7,SANTA MARÍA ZANIZA
449,8,SANTA MARÍA ZOQUITLÁN
450,7,SANTIAGO AMOLTEPEC
451,4,SANTIAGO APOALA
452,8,SANTIAGO APÓSTOL
453,3,SANTIAGO ASTATA
454,6,SANTIAGO ATITLÁN
455,4,SANTIAGO AYUQUILILLA
456,4,SANTIAGO CACALOXTEPEC
457,7,SANTIAGO CAMOTLÁN
458,6,SANTIAGO COMALTEPEC
459,4,SANTIAGO CHAZUMBA
460,5,SANTIAGO CHOÁPAM
461,4,SANTIAGO DEL RÍO
462,4,SANTIAGO HUAJOLOTITLÁN
463,4,SANTIAGO HUAUCLILLA
464,4,SANTIAGO IHUITLÁN PLUMAS
465,6,SANTIAGO IXCUINTEPEC
466,2,SANTIAGO IXTAYUTLA
467,2,SANTIAGO JAMILTEPEC
468,5,SANTIAGO JOCOTEPEC
469,4,SANTIAGO JUXTLAHUACA
470,3,SANTIAGO LACHIGUIRI
471,7,SANTIAGO LALOPA
472,3,SANTIAGO LAOLLAGA
473,6,SANTIAGO LAXOPA
474,2,SANTIAGO LLANO GRANDE
475,8,SANTIAGO MATATLÁN
476,4,SANTIAGO MILTEPEC
477,7,SANTIAGO MINAS
478,1,SANTIAGO NACALTEPEC
479,4,SANTIAGO NEJAPILLA
480,4,SANTIAGO NUNDICHE
481,4,SANTIAGO NUYOÓ
482,2,SANTIAGO PINOTEPA NACIONAL
483,8,SANTIAGO SUCHILQUITONGO
484,4,SANTIAGO TAMAZOLA
485,2,SANTIAGO TAPEXTLA
486,4,VILLA TEJÚPAM DE LA UNIÓN
487,8,SANTIAGO TENANGO
488,4,SANTIAGO TEPETLAPA
489,2,SANTIAGO TETEPEC
490,1,SANTIAGO TEXCALCINGO
491,7,SANTIAGO TEXTITLÁN
492,4,SANTIAGO TILANTONGO
493,4,SANTIAGO TILLO
494,8,SANTIAGO TLAZOYALTEPEC
495,7,SANTIAGO XANICA
496,6,SANTIAGO XIACUÍ
497,2,SANTIAGO YAITEPEC
498,5,SANTIAGO YAVEO
499,4,SANTIAGO YOLOMÉCATL
500,4,SANTIAGO YOSONDÚA
501,4,SANTIAGO YUCUYACHI
502,6,SANTIAGO ZACATEPEC
503,7,SANTIAGO ZOOCHILA
504,6,NUEVO ZOQUIÁPAM
505,3,SANTO DOMINGO INGENIO
506,8,SANTO DOMINGO ALBARRADAS
507,2,SANTO DOMINGO ARMENTA
508,3,SANTO DOMINGO CHIHUITÁN
509,2,SANTO DOMINGO DE MORELOS
510,4,SANTO DOMINGO IXCATLÁN
511,4,SANTO DOMINGO NUXAÁ
512,7,SANTO DOMINGO OZOLOTEPEC
513,3,SANTO DOMINGO PETAPA
514,7,SANTO DOMINGO ROAYAGA
515,3,SANTO DOMINGO TEHUANTEPEC
516,7,SANTO DOMINGO TEOJOMULCO
517,6,SANTO DOMINGO TEPUXTEPEC
518,4,SANTO DOMINGO TLATAYÁPAM
519,8,SANTO DOMINGO TOMALTEPEC
520,4,SANTO DOMINGO TONALÁ
521,4,SANTO DOMINGO TONALTEPEC
522,7,SANTO DOMINGO XAGACÍA
523,4,SANTO DOMINGO YANHUITLÁN
524,4,SANTO DOMINGO YODOHINO
525,3,SANTO DOMINGO ZANATEPEC
526,2,SANTOS REYES NOPALA
527,1,SANTOS REYES PÁPALO
528,4,SANTOS REYES TEPEJILLO
529,4,SANTOS REYES YUCUNÁ
530,8,SANTO TOMÁS JALIEZA
531,8,SANTO TOMÁS MAZALTEPEC
532,4,SANTO TOMÁS OCOTEPEC
533,7,SANTO TOMÁS TAMAZULAPAN
534,8,SAN VICENTE COATLÁN
535,7,SAN VICENTE LACHIXÍO
536,4,SAN VICENTE NUÑÚ
537,4,SILACAYOÁPAM
538,7,SITIO DE XITLAPEHUA
539,8,SOLEDAD ETLA
540,4,VILLA DE TAMAZULÁPAM DEL PROGRESO
541,7,TANETZE DE ZARAGOZA
542,8,TANICHE
543,2,TATALTEPEC DE VALDÉS
544,6,TEOCOCUILCO DE MARCOS PÉREZ
545,1,TEOTITLÁN DE FLORES MAGÓN
546,8,TEOTITLÁN DEL VALLE
547,4,TEOTONGO
548,4,TEPELMEME VILLA DE MORELOS
549,4,"HEROICA VILLA TEZOATLÁN DE SEGURA Y LUNA, CUNA DE LA INDEPENDENCIA DE OAXACA"
550,8,SAN JERÓNIMO TLACOCHAHUAYA
551,8,TLACOLULA DE MATAMOROS
552,4,TLACOTEPEC PLUMAS
553,8,TLALIXTAC DE CABRERA
554,6,TOTONTEPEC VILLA DE MORELOS
555,8,TRINIDAD ZAACHILA
556,4,LA TRINIDAD VISTA HERMOSA
557,3,UNIÓN HIDALGO
558,1,VALERIO TRUJANO
559,5,SAN JUAN BAUTISTA VALLE NACIONAL
560,8,VILLA DÍAZ ORDAZ
561,8,YAXE
562,4,MAGDALENA YODOCONO DE PORfIRIO DÍAZ
563,8,YOGANA
564,4,YUTANDUCHI DE GUERRERO
565,8,VILLA DE ZAACHILA
566,7,SAN MATEO YUCUTINDOO
567,4,ZAPOTITLÁN LAGUNAS
568,4,ZAPOTITLÁN PALMAS
569,4,SANTA INÉS DE ZARAGOZA
570,8,ZIMATLÁN DE ÁLVAREZ
